-- phpMyAdmin SQL Dump
-- version 4.8.3
-- https://www.phpmyadmin.net/
--
-- Host: 127.0.0.1
-- Generation Time: Jan 26, 2020 at 01:14 PM
-- Server version: 10.1.36-MariaDB
-- PHP Version: 7.2.11

SET SQL_MODE = "NO_AUTO_VALUE_ON_ZERO";
SET AUTOCOMMIT = 0;
START TRANSACTION;
SET time_zone = "+00:00";


/*!40101 SET @OLD_CHARACTER_SET_CLIENT=@@CHARACTER_SET_CLIENT */;
/*!40101 SET @OLD_CHARACTER_SET_RESULTS=@@CHARACTER_SET_RESULTS */;
/*!40101 SET @OLD_COLLATION_CONNECTION=@@COLLATION_CONNECTION */;
/*!40101 SET NAMES utf8mb4 */;

--
-- Database: `tunasbaru`
--

-- --------------------------------------------------------

--
-- Table structure for table `admin`
--

CREATE TABLE `admin` (
  `id` int(11) NOT NULL,
  `username` varchar(100) NOT NULL,
  `password` varchar(256) NOT NULL,
  `nama` varchar(100) NOT NULL,
  `email` varchar(100) NOT NULL
) ENGINE=InnoDB DEFAULT CHARSET=latin1;

--
-- Dumping data for table `admin`
--

INSERT INTO `admin` (`id`, `username`, `password`, `nama`, `email`) VALUES
(3, 'admin', '$2y$10$lG/R7tG/JnaBbRbau9uh7O7r4sp2UhkJGooMMsiGAXZrMdh.zxZ1.', 'messi', 'topenkfachlevi@yahoo.com');

-- --------------------------------------------------------

--
-- Table structure for table `guru`
--

CREATE TABLE `guru` (
  `nip` varchar(100) NOT NULL,
  `nama` varchar(100) NOT NULL,
  `tempat_lahir` varchar(100) NOT NULL,
  `tanggal_lahir` date NOT NULL,
  `alamat` varchar(100) NOT NULL,
  `jenis_kelamin` enum('L','P') NOT NULL,
  `pangkat_gol` varchar(100) NOT NULL,
  `agama` varchar(50) NOT NULL,
  `telepon` varchar(50) NOT NULL,
  `keahlian` varchar(50) NOT NULL
) ENGINE=InnoDB DEFAULT CHARSET=latin1;

--
-- Dumping data for table `guru`
--

INSERT INTO `guru` (`nip`, `nama`, `tempat_lahir`, `tanggal_lahir`, `alamat`, `jenis_kelamin`, `pangkat_gol`, `agama`, `telepon`, `keahlian`) VALUES
('1138746649200043', 'Ayi Amarulloh', ' Bandung', '1968-08-06', '', 'L', '', '', '', 'Seni Budaya'),
('196012271985011001 / 8559738641200013', 'Dede Suryana', ' Bandung', '1960-12-27', '', 'L', '', '', '', 'Pendidikan Jasmani, Olahraga, dan Kesehatan'),
('196202071983021002 / 9539740641200032', 'Asep Suherman', ' Bandung ', '1962-02-07', '', 'L', '', '', '', 'IPA'),
('196410291984032002 / 9361742643300013', 'Euis Hoeriah', ' Bandung', '1964-10-29', '', 'P', '', '', '', 'Seni Budaya'),
('196707182007011007 / 6050745647200023', 'Hendra Muhidin', ' Bandung', '1967-07-18', '', 'L', '', '', '', 'Matematika'),
('2236724626200003', 'Yasinsyamsul Bachri', ' Bandung', '1946-09-04', '', 'L', '', '', '', 'Matematika'),
('2537749651300072', 'Ida Herawati', 'Sumedang', '1971-02-05', '', 'P', '', '', '', 'IPS'),
('3160732633300023', 'Tita Witarsih', ' Bandung', '1954-08-28', '', 'P', '', '', '', 'Prakarya, Tata Boga, Bahasa Indonesia'),
('3855757659200022', 'Mochamad Ichsan Zaelani', ' Bandung', '1979-05-23', '', 'L', '', '', '', 'TIK'),
('4338749651200023', 'Sawar Rukmana', ' Bandung', '1971-10-06', '', 'P', '', '', '', 'Bahasa Inggris'),
('4539745648200023', 'Ana Budiana', ' Bandung ', '1967-12-07', '', 'L', '', '', '', 'IPS'),
('4647756657300092', 'Ayi Nurlaelah', ' Bandung', '1978-03-15', '', 'P', '', '', '', 'Bahasa Indonesia'),
('4938757660200002', 'Tantan', ' Bandung', '1979-06-06', '', 'L', '', '', '', 'PAI, Budi Pekerti'),
('5034735637300013', 'Nunung Rukmanah', ' Garut', '1957-07-02', '', 'P', '', '', '', 'Muatan Lokal Bahasa Daerah'),
('5451756658200033', 'Hendri Kurniawan', ' Bandung', '1978-11-19', '', 'L', '', '', '', 'Pendidikan Jasmani, Olahraga, dan Kesehatan'),
('5843768669220012', 'Asti Nurani Fauziah', ' Bandung ', '1990-05-11', '', 'P', '', '', '', 'IPA, Prakarya'),
('6033757659200013', 'Kurnia Megantara', ' Bandung', '1979-07-01', '', 'L', '', '', '', 'Prakarya, PKN'),
('6163742646200003', 'Iyan Sopian', ' Bandung', '1964-08-31', '', 'L', '', '', '', ''),
('6348765665210003', 'Chandra Koswara', ' Bandung', '1992-01-28', '', 'L', '', '', '', 'Prakarya, PKN'),
('7454767667300002', 'Putri Suci Utami', ' Bandung', '1989-01-22', '', 'P', '', '', '', 'Bahasa Inggris, Seni dan Budaya'),
('8736741642200022', 'Ahadian Kendarsah', ' Bandung ', '1963-04-14', '', 'L', '', '', '', 'Bahasa Indonesia'),
('empty0', 'Astri Wahyu Agustin', ' Bandung ', '1993-08-01', '', 'P', '', '', '', 'IPA'),
('empty1', 'Atus Jamiatus', ' Bandung  ', '1984-08-17', '', 'P', '', '', '', 'PKN, PAI dan Budi Pakerti'),
('empty2', 'Hendra Hermawan', ' Bandung', '1963-05-31', '', 'L', '', '', '', ''),
('empty3', 'Herni Susanti', ' Bandung', '1986-11-30', '', 'P', '', '', '', ''),
('empty4', 'Nita Agustin Kencanawati', ' Garut', '1986-08-17', '', 'P', '', '', '', ''),
('empty5', 'Novi Nuraeni', ' Bandung', '1994-11-11', '', 'P', '', '', '', ''),
('empty6', 'Otim Sopariah Khotimah', ' Bandung', '1990-08-20', '', 'P', '', '', '', 'Bahasa Inggris, PKN');

-- --------------------------------------------------------

--
-- Table structure for table `kelas`
--

CREATE TABLE `kelas` (
  `id_kelas` int(11) NOT NULL,
  `nama` varchar(10) NOT NULL
) ENGINE=InnoDB DEFAULT CHARSET=latin1;

--
-- Dumping data for table `kelas`
--

INSERT INTO `kelas` (`id_kelas`, `nama`) VALUES
(20, 'VII'),
(21, 'VIII'),
(22, 'IX');

-- --------------------------------------------------------

--
-- Table structure for table `ruang`
--

CREATE TABLE `ruang` (
  `id_ruang` int(11) NOT NULL,
  `id_kelas` varchar(11) NOT NULL,
  `ruang` varchar(10) NOT NULL
) ENGINE=InnoDB DEFAULT CHARSET=latin1;

--
-- Dumping data for table `ruang`
--

INSERT INTO `ruang` (`id_ruang`, `id_kelas`, `ruang`) VALUES
(21, '20', 'A'),
(22, '20', 'B'),
(23, '20', 'C'),
(24, '20', 'D'),
(25, '20', 'E'),
(26, '21', 'A'),
(27, '21', 'B'),
(28, '21', 'C'),
(29, '21', 'D'),
(30, '21', 'E'),
(32, '22', 'A'),
(35, '22', 'B'),
(36, '22', 'C'),
(37, '22', 'D'),
(38, '22', 'E');

-- --------------------------------------------------------

--
-- Table structure for table `siswa`
--

CREATE TABLE `siswa` (
  `nisn` varchar(100) NOT NULL,
  `nama` varchar(100) NOT NULL,
  `tempat_lahir` varchar(100) NOT NULL,
  `tanggal_lahir` date NOT NULL,
  `alamat` varchar(100) NOT NULL,
  `jenis_kelamin` enum('L','P') NOT NULL,
  `agama` varchar(50) NOT NULL,
  `telepon` varchar(50) NOT NULL,
  `id_ruang` int(11) NOT NULL
) ENGINE=InnoDB DEFAULT CHARSET=latin1;

--
-- Dumping data for table `siswa`
--

INSERT INTO `siswa` (`nisn`, `nama`, `tempat_lahir`, `tanggal_lahir`, `alamat`, `jenis_kelamin`, `agama`, `telepon`, `id_ruang`) VALUES
('                     / 181907.107', 'Selvi Septiana', '', '0000-00-00', '', 'L', '', '', 23),
('                     / 181907.134', 'Refalina Artha Nasution', '', '0000-00-00', '', 'P', '', '', 24),
(' 0047773412/171807.176', 'NADIA NUR PITRIYANI', '', '0000-00-00', '', 'P', '', '', 28),
('/  181908.198 ', 'SYAHRANI ABDILAH', '', '0000-00-00', '', 'P', '', '', 26),
('/ 161707,060', 'MIRA APRIALIANI', '', '0000-00-00', '', 'P', '', '', 38),
('/ 161707.077', 'YUNITA', '', '0000-00-00', '', 'P', '', '', 35),
('/ 161707.192', 'YULI RAHMAWATI', '', '0000-00-00', '', 'P', '', '', 38),
('/ 161707.201', 'ZAENAL HUSEN', '', '0000-00-00', '', 'L', '', '', 37),
('/ 161707.203', 'MERLIN ARYANA', '', '0000-00-00', '', 'P', '', '', 35),
('/ 161707.210', 'RISKA', '', '0000-00-00', '', 'P', '', '', 35),
('/ 181908.186', 'RISA SRI RAHAYU', '', '0000-00-00', '', 'P', '', '', 29),
('/ 181909,192', 'IKHSAN GIFARI YOGASWARA', '', '0000-00-00', '', 'L', '', '', 36),
('/ 181909.190', 'RENA MERIANA', '', '0000-00-00', '', 'P', '', '', 35),
('/ 181909.191', 'TEGUH ADI SATRIAN', '', '0000-00-00', '', 'L', '', '', 35),
('/ 181909.193', 'DENI NURHAMZAH', '', '0000-00-00', '', 'L', '', '', 38),
('/ 181909.197', 'DWI ERLANGGA', '', '0000-00-00', '', 'L', '', '', 36),
('/161707.002', 'AJENG NIKEN ARIYANI', '', '0000-00-00', '', 'P', '', '', 32),
('/161707.003', 'AKBAR RAMADHAN', '', '0000-00-00', '', 'L', '', '', 32),
('/161707.005', 'AMEL NUR RIZKI', '', '0000-00-00', '', 'P', '', '', 32),
('/161707.006', 'CHAIRUL AMRI DARMAWAN', '', '0000-00-00', '', 'L', '', '', 32),
('/161707.007', 'CINTA ALEXA PUTRI', '', '0000-00-00', '', 'P', '', '', 32),
('/161707.008', 'DEGA MEGANANDA PUTRA', '', '0000-00-00', '', 'L', '', '', 32),
('/161707.009', 'DEWI RAHAYU AGUSTINA ', '', '0000-00-00', '', 'P', '', '', 32),
('/161707.011', 'FIRMAN FAHLEPI', '', '0000-00-00', '', 'L', '', '', 32),
('/161707.015', 'LINDA LUSIANA NURJANAH', '', '0000-00-00', '', 'P', '', '', 32),
('/161707.018', 'MOCH RIDHO SHOLINO', '', '0000-00-00', '', 'L', '', '', 32),
('/161707.028', 'RISYAP  MAULANA', '', '0000-00-00', '', 'L', '', '', 32),
('/161707.048', 'DENCA PUTRA PRATAMA', '', '0000-00-00', '', 'L', '', '', 35),
('/161707.062', 'MUHAMAD RIZKI', '', '0000-00-00', '', 'L', '', '', 35),
('/161707.063', 'MUHAMAD SAPARI', '', '0000-00-00', '', 'L', '', '', 35),
('/161707.069', 'RIZKI FIRMANSYAH', '', '0000-00-00', '', 'L', '', '', 35),
('/161707.072', 'SANJU MUHAMAD PURNAMA', '', '0000-00-00', '', 'L', '', '', 35),
('/161707.073', 'SELVA RIANI', '', '0000-00-00', '', 'P', '', '', 35),
('/161707.074', 'SILMA AMALIA PUTRI', '', '0000-00-00', '', 'P', '', '', 35),
('/161707.075', 'TANTI', '', '0000-00-00', '', 'P', '', '', 35),
('/161707.088', 'HASNA ALIPIAH', '', '0000-00-00', '', 'P', '', '', 36),
('/161707.114', 'YULIA ANGGRAENI', '', '0000-00-00', '', 'P', '', '', 36),
('/161707.126', 'IRGI FIRMANSYAH', '', '0000-00-00', '', 'L', '', '', 37),
('/161707.129', 'KUSMANA RAHARJA', '', '0000-00-00', '', 'L', '', '', 37),
('/161707.130', 'LAILA AGUSTIN', '', '0000-00-00', '', 'P', '', '', 37),
('/161707.132', 'MERIYANI R.A', '', '0000-00-00', '', 'P', '', '', 37),
('/161707.137', 'NOVA PEBRIANTI', '', '0000-00-00', '', 'P', '', '', 37),
('/161707.142', 'RIAN ABDULAH', '', '0000-00-00', '', 'L', '', '', 37),
('/161707.145', 'RIZKI RAFLI', '', '0000-00-00', '', 'L', '', '', 37),
('/161707.148', 'SEPTI RIANA', '', '0000-00-00', '', 'L', '', '', 37),
('/161707.153', 'WINDA RAHMAWATI', '', '0000-00-00', '', 'P', '', '', 37),
('/161707.155', 'AJI DALI SAWALI', '', '0000-00-00', '', 'L', '', '', 38),
('/161707.160', 'CHELSI NANDA ARINGGA', '', '0000-00-00', '', 'P', '', '', 38),
('/161707.162', 'DEVA APRILIANSYAH', '', '0000-00-00', '', 'L', '', '', 38),
('/161707.164', 'DWI PUSPITA SARI', '', '0000-00-00', '', 'P', '', '', 38),
('/161707.167', 'FEBRI ALDI KUSWARA', '', '0000-00-00', '', 'L', '', '', 38),
('/161707.168', 'FITRA RAMDANI', '', '0000-00-00', '', 'L', '', '', 38),
('/161707.170', 'GIDION STEVEN', '', '0000-00-00', '', 'L', '', '', 38),
('/161707.175', 'LINA PUTRI', '', '0000-00-00', '', 'P', '', '', 38),
('/161707.179', 'NADIA KHODIJAH', '', '0000-00-00', '', 'P', '', '', 38),
('/161707.189', 'SUCI FADILAH', '', '0000-00-00', '', 'P', '', '', 38),
('/161707.203', 'MARINA', '', '0000-00-00', '', 'P', '', '', 38),
('/171807.006', 'ANGGIS', '', '0000-00-00', '', 'L', '', '', 26),
('/171807.038', 'DERIL ARZENTIPRATAMA', '', '0000-00-00', '', 'L', '', '', 27),
('/171807.043', 'EKI ISKANDAR', '', '0000-00-00', '', 'L', '', '', 27),
('/171807.057', 'PUTRI SUCI RIDHWANAH', '', '0000-00-00', '', 'P', '', '', 27),
('/171807.060', 'RIFKI', '', '0000-00-00', '', 'L', '', '', 27),
('/171807.082', 'RAFLI ADITIA ', '', '0000-00-00', '', 'L', '', '', 28),
('/171807.091', 'SYIPA AULIA', '', '0000-00-00', '', 'P', '', '', 28),
('/171807.099', 'ALMA OKTAVIANI SULASTRI', '', '0000-00-00', '', 'P', '', '', 29),
('/171807.109', 'M. RIZAL PAJAR F', '', '0000-00-00', '', 'L', '', '', 29),
('/171807.114', 'RENDI HERDIANA', '', '0000-00-00', '', 'L', '', '', 29),
('/171807.121', 'SOPIAN ALI', '', '0000-00-00', '', 'L', '', '', 29),
('/171807.123', 'TEJA PAUZI', '', '0000-00-00', '', 'L', '', '', 29),
('/171807.124', 'TISNA SETIAWAN', '', '0000-00-00', '', 'P', '', '', 29),
('/171807.126', 'VIOLA APRIYANA', '', '0000-00-00', '', 'P', '', '', 29),
('/171807.131', 'ANDINA PUTRI PRATAMA', '', '0000-00-00', '', 'P', '', '', 30),
('/171807.132', 'ANDRIANSAH', '', '0000-00-00', '', 'L', '', '', 30),
('/171807.141', 'MELANI HERMAWATI', '', '0000-00-00', '', 'P', '', '', 30),
('/171807.153', 'SANDI HIMAWAN', '', '0000-00-00', '', 'L', '', '', 30),
('/171807.162', 'ALIP PEBRIANTO', '', '0000-00-00', '', 'L', '', '', 28),
('/171807.189', 'VALDA EDRIA MARELDA IRIYAWAN', '', '0000-00-00', '', 'P', '', '', 30),
('/171807.205', 'SELVIA JULIANTI', '', '0000-00-00', '', 'P', '', '', 30),
('/171807.207', 'ANNISA DESTIANI', '', '0000-00-00', '', 'P', '', '', 28),
('/171808.192', 'DIMAS NUGROHO PRASETYO', '', '0000-00-00', '', 'L', '', '', 32),
('/171808.194', 'AURA ALINDA', '', '0000-00-00', '', 'P', '', '', 35),
('/171808.195', 'DHEA MUSTIKASARI', '', '0000-00-00', '', 'P', '', '', 35),
('/171808.196', 'PEBI MARDIASYAH', '', '0000-00-00', '', 'L', '', '', 35),
('/171808.203', 'ADAM KUSNIAWAN', '', '0000-00-00', '', 'L', '', '', 32),
('/181908.184', 'VANIA ADELIA CARRISA', '', '0000-00-00', '', 'P', '', '', 26),
('/181908.185', 'RUDI HIDAYAT', '', '0000-00-00', '', 'L', '', '', 28),
('/181908.194', 'MAHADITA', '', '0000-00-00', '', 'L', '', '', 30),
('/181908.195', 'MARVEL CLEO ANASTA RIZKY', '', '0000-00-00', '', 'L', '', '', 30),
('/181909.187', 'NENG SITI ROHAYATI', '', '0000-00-00', '', 'P', '', '', 32),
('/181909.188', 'MUHAMMAD RASYID AMRULLOH E', '', '0000-00-00', '', 'L', '', '', 35),
('/181909.189', 'NOVELA SAPITRI', '', '0000-00-00', '', 'P', '', '', 35),
('/181909.196', 'KRISNA WARDANI', '', '0000-00-00', '', 'L', '', '', 36),
('0004874802/171807.096', 'YUSTIANSAH', '', '0000-00-00', '', 'L', '', '', 28),
('0006109233/161707.182', 'RIAN ARIANSYAH PUTRA', '', '0000-00-00', '', 'L', '', '', 38),
('0010520432/161707.105', 'RESTI PUSPITASARI ', '', '0000-00-00', '', 'P', '', '', 36),
('0014460670/161707.029', 'SAEPUL ROHMAN', '', '0000-00-00', '', 'L', '', '', 32),
('0016439405/161707.091', 'IMAN SRIPUDIN', '', '0000-00-00', '', 'L', '', '', 36),
('0020644248/161707.122', 'DEVI PEBRILIANI', '', '0000-00-00', '', 'P', '', '', 37),
('0020649852/161707.128', 'ITA APRIANI', '', '0000-00-00', '', 'P', '', '', 37),
('0024665637/161707.087', 'DIKI WAHYUDIN', '', '0000-00-00', '', 'L', '', '', 36),
('0026741623/171807.037', 'DENI RIZKY HERMANSYAH', '', '0000-00-00', '', 'L', '', '', 27),
('0027000494/161707.163', 'DEVIA ZULIANA', '', '0000-00-00', '', 'P', '', '', 38),
('0027413339/161707.082', 'ARBI WANDI SUJANA', '', '0000-00-00', '', 'L', '', '', 36),
('0027419167/161707.102', 'PAJAR SETIAWAN', '', '0000-00-00', '', 'L', '', '', 36),
('0027435140/161707.020', 'NENDEN KURNIA ', '', '0000-00-00', '', 'P', '', '', 32),
('0027435783/161707.106', 'RIAN SAPAAT', '', '0000-00-00', '', 'L', '', '', 36),
('0027455997/161707.156', 'AJI LESMANA', '', '0000-00-00', '', 'L', '', '', 38),
('0027456094/161707.146', 'SAHRUL', '', '0000-00-00', '', 'L', '', '', 37),
('0029116922 / 181907.015', 'Ilham Misbahul Khoir', '', '0000-00-00', '', 'L', '', '', 21),
('0029682402/161707.141', 'REZA NURHIQMAH', '', '0000-00-00', '', 'L', '', '', 37),
('0030286807/161707.152', 'WILKAM KUSUMAH', '', '0000-00-00', '', 'P', '', '', 37),
('0031028132/161707.124', 'FIRMANSYAH', '', '0000-00-00', '', 'L', '', '', 37),
('0031260366/161707.127', 'IRGIAN OKTAVIAN', '', '0000-00-00', '', 'L', '', '', 37),
('0031485683/161707.081', 'ANGGRAENI WAHYUNINGSIH', '', '0000-00-00', '', 'P', '', '', 36),
('0031509762/161707.185', 'RIO FITRIANTO', '', '0000-00-00', '', 'L', '', '', 38),
('0031901617/171807.097', 'AKBAR RAMDANI', '', '0000-00-00', '', 'L', '', '', 29),
('0031960002/161707.057', 'M. ALFI ISNENDA', '', '0000-00-00', '', 'L', '', '', 35),
('0031963734/161707.035', 'TAUPIK RAHMAN', '', '0000-00-00', '', 'L', '', '', 32),
('0032667834/171807.079', 'MUHAMAD IKHSAN', '', '0000-00-00', '', 'L', '', '', 28),
('0032789370/161707.169', 'FUTRI APRIYELNI', '', '0000-00-00', '', 'P', '', '', 38),
('0033505417 / 181907.155', 'Dewi Sinta', '', '0000-00-00', '', 'P', '', '', 25),
('0033889542/161707.188', 'SHANDY GUNAWAN', '', '0000-00-00', '', 'L', '', '', 38),
('0034076565/161707.053', 'FIYO SUPIANSYAH', '', '0000-00-00', '', 'L', '', '', 35),
('0034077316/161707.065', 'PRIMA DANDIMAS', '', '0000-00-00', '', 'L', '', '', 35),
('0034668615/161707.093', 'JUJUN JUMANTRI', '', '0000-00-00', '', 'L', '', '', 36),
('0034966433/171807.135', 'FAHMI SIDIK PERMANA', '', '0000-00-00', '', 'L', '', '', 30),
('0035120518/161707.050', 'DIAN RUSDIANA', '', '0000-00-00', '', 'L', '', '', 35),
('0035540517/161707.070', 'ROPI YANTI SANTIKA', '', '0000-00-00', '', 'P', '', '', 35),
('0035642968/171807.065', 'ADIN NURDIN', '', '0000-00-00', '', 'L', '', '', 28),
('0036029222/161707.083', 'ASEP ERAWAN', '', '0000-00-00', '', 'L', '', '', 36),
('0036107558/171807.178', 'PUPUNG HIPDULLOH', '', '0000-00-00', '', 'L', '', '', 27),
('0036345140/161707.206', 'WAHYU HIDAYAT', '', '0000-00-00', '', 'L', '', '', 36),
('0036566169/161707.038', 'YUSUF CAHYA', '', '0000-00-00', '', 'L', '', '', 32),
('0037047011/161707.030', 'SANDI PRAYOGA ', '', '0000-00-00', '', 'L', '', '', 32),
('0037264990/161707.084', 'DANI RAMDANI', '', '0000-00-00', '', 'L', '', '', 36),
('0037722436/171807.066', 'AI ROHAETI', '', '0000-00-00', '', 'P', '', '', 28),
('0037908556/171807.003', 'AMIN NURRULOH', '', '0000-00-00', '', 'L', '', '', 26),
('0038192833/171807.179', 'REVIN', '', '0000-00-00', '', 'L', '', '', 28),
('0038199053/161707.023', 'REDI MUHAMAD RAMDAN', '', '0000-00-00', '', 'L', '', '', 32),
('0038199183/161707.144', 'RIKSA PANGESTU ', '', '0000-00-00', '', 'L', '', '', 37),
('0038199436/161707.096', 'MOHAMAD AKBAR AS-SYAHIDAN', '', '0000-00-00', '', 'L', '', '', 36),
('0038199474/161707.017', 'MERSI ANDRIANI SIMBOLON ', '', '0000-00-00', '', 'P', '', '', 32),
('0038199773/161707.180', 'NAZWAR SYAHWAR', '', '0000-00-00', '', 'L', '', '', 38),
('0038213022/161707.085', 'DENI MUHAMAD SANJAYA', '', '0000-00-00', '', 'L', '', '', 36),
('0038213674/161707.049', 'DEWI AGUSTINA', '', '0000-00-00', '', 'P', '', '', 35),
('0038213679/171807.044', 'ELI', '', '0000-00-00', '', 'P', '', '', 27),
('0038217891/161707.190', 'TARDIAN FIRMANSYAH', '', '0000-00-00', '', 'L', '', '', 38),
('0038217891/161707.191', 'YAYAN SETIAWAN ', '', '0000-00-00', '', 'L', '', '', 38),
('0038234656/161707.040', 'AJI NUR HADIANSYAH', '', '0000-00-00', '', 'L', '', '', 35),
('0038234664/161707.171', 'HILDA IMANIAR AGUSTINA', '', '0000-00-00', '', 'P', '', '', 38),
('0038273179/161707.117', 'AKHAMD TRI SUPARDIANTO', '', '0000-00-00', '', 'L', '', '', 37),
('0038273180/161707.092', 'IMELDA LESTARI', '', '0000-00-00', '', 'P', '', '', 36),
('0038273189/161707.186', 'RYAN MUHAMMAD ZIDAN', '', '0000-00-00', '', 'L', '', '', 38),
('0038273247/161707.158', 'ANGGA YUDA PRATAMA D', '', '0000-00-00', '', 'L', '', '', 38),
('0038278661/161707.202', 'AGNIL KUSUMA ATMAJA', '', '0000-00-00', '', 'L', '', '', 36),
('0038282180/161707.118', 'ANDRI RUSTANDI', '', '0000-00-00', '', 'L', '', '', 37),
('0038296873/161707.157', 'ALDI RIDWANSYAH', '', '0000-00-00', '', 'L', '', '', 38),
('0038296912/161707.120', 'CAHYA MULYA', '', '0000-00-00', '', 'L', '', '', 37),
('0038302341/161707.107', 'RIZKI HARDIANSYAH', '', '0000-00-00', '', 'L', '', '', 36),
('0038313061/161707.042', 'ALLIKA RAMADHAN', '', '0000-00-00', '', 'L', '', '', 35),
('0038573992/161707.109', 'SADAN HIDAYATULLOH', '', '0000-00-00', '', 'L', '', '', 36),
('0038831212/161707.045', 'ARI SAPUTRA', '', '0000-00-00', '', 'L', '', '', 35),
('0039031357/161707.181', 'NUR FADILAH SAUMI AZHARI', '', '0000-00-00', '', 'P', '', '', 38),
('0039108852/161707.019', 'MUHAMAD RIFKI', '', '0000-00-00', '', 'L', '', '', 32),
('0039480383/161707.125', 'ILHAM RAMDHAN', '', '0000-00-00', '', 'L', '', '', 37),
('0039641685/161707.047', 'DEA SAMUEL', '', '0000-00-00', '', 'L', '', '', 35),
('0039658109/161707.123', 'FARHAN RAMADHAN', '', '0000-00-00', '', 'L', '', '', 37),
('0039735167/161707.143', 'RIKO PRASETYO', '', '0000-00-00', '', 'L', '', '', 37),
('0039751815/161707.104', 'RAIHAN HADIANA', '', '0000-00-00', '', 'L', '', '', 36),
('0039798456/161707.100', 'MULKIAH RIZKY', '', '0000-00-00', '', 'L', '', '', 36),
('0039879159/161707.178', 'MUHAMAD FAHRUL MUBAROQ', '', '0000-00-00', '', 'L', '', '', 38),
('0040379045/171808.201', 'RAHMA PUTRI DIANI', '', '0000-00-00', '', 'P', '', '', 36),
('0041046341/171807.093', 'WINA SRI RAHAYU', '', '0000-00-00', '', 'P', '', '', 28),
('0041062994/171807.101', 'AULIA AFFANDI', '', '0000-00-00', '', 'P', '', '', 29),
('0041064549/171807.149', 'RIVAL DEVANDA RIANSYAH', '', '0000-00-00', '', 'L', '', '', 30),
('0041662657/161707.115', 'ZULLY  ANISA WULANDARI SUPRIATNA', '', '0000-00-00', '', 'P', '', '', 36),
('0041681891/161707.068', 'RIFKI HIDAYAT', '', '0000-00-00', '', 'L', '', '', 35),
('0041688915/171807.139', 'LAURA ANJANI SOPIAN', '', '0000-00-00', '', 'P', '', '', 30),
('0041743265 / 181907.131', 'R. Agan Muhamad Amirul Rosidin', '', '0000-00-00', '', 'L', '', '', 24),
('0041908888 / 181907.059', 'Murni Cahyani', '', '0000-00-00', '', 'P', '', '', 22),
('0042107269/171807.026', 'RIAN PURNAMA JAYA', '', '0000-00-00', '', 'L', '', '', 26),
('0042149398/161707.095', 'MARSELLA INDAH CAHYANI', '', '0000-00-00', '', 'P', '', '', 36),
('0042460663/171807.180', 'RIFAN ANGGARA', '', '0000-00-00', '', 'L', '', '', 28),
('0042502408/171807.028', 'ROSITA OKTAVIANI', '', '0000-00-00', '', 'P', '', '', 26),
('0042748519/171807.021', 'MUHAMAD RAFLI RAMADHAN', '', '0000-00-00', '', 'L', '', '', 26),
('0042809492 / 181907.033', 'Sri Nurjanah', '', '0000-00-00', '', 'P', '', '', 21),
('0042877411/161707.055', 'JEHAN FADJRIANSYAH', '', '0000-00-00', '', 'L', '', '', 35),
('0043101729/171807.144', 'MUHAMMAD FIRMANSYAH', '', '0000-00-00', '', 'L', '', '', 30),
('0043111991/161707.037', 'YULI YANTI', '', '0000-00-00', '', 'P', '', '', 32),
('0043242548/171807.115', 'REREY RAMDANI AWAN', '', '0000-00-00', '', 'L', '', '', 29),
('0043465289/171807.152', 'RIZAL HIDAYAT', '', '0000-00-00', '', 'L', '', '', 30),
('0043689207/161707.111', 'SENI HARTATI', '', '0000-00-00', '', 'P', '', '', 36),
('0043936898/161707.079', 'ADINDA NABILA RIDWAN', '', '0000-00-00', '', 'P', '', '', 36),
('0044096969 / ', 'Ihsan Nasrulloh', '', '0000-00-00', '', 'L', '', '', 23),
('0044238703/171807.055', 'NAZZAR MAULANA IBRAHIM', '', '0000-00-00', '', 'L', '', '', 27),
('0044385706/171807.054', 'MOHAMMAD ILYAS', '', '0000-00-00', '', 'L', '', '', 27),
('0044396695/161707.103', 'PUJA APRILIANI', '', '0000-00-00', '', 'P', '', '', 36),
('0044475905/161707.012', 'GILANG MAULANA SHIDIQ', '', '0000-00-00', '', 'L', '', '', 32),
('0044478043/161707.101', 'NINA NURHASANAH', '', '0000-00-00', '', 'P', '', '', 36),
('0044478047/161707.054', 'HERU SURYANTO', '', '0000-00-00', '', 'L', '', '', 35),
('0044490670/161707.172', 'IBNU HASAN FIKRI', '', '0000-00-00', '', 'L', '', '', 38),
('0044490673/161707.024', 'RIAN CANDRA HERDIANSYAH', '', '0000-00-00', '', 'L', '', '', 32),
('0044490676/161707.026', 'RIFKI GUSTIAR', '', '0000-00-00', '', 'L', '', '', 32),
('0044490678/171807.129', 'ADE RIJKI', '', '0000-00-00', '', 'L', '', '', 30),
('0044490686/161707.031', 'SELIY PUSPITA', '', '0000-00-00', '', 'P', '', '', 32),
('0044494591/161707.043', 'AMELIANDA PUTRI ', '', '0000-00-00', '', 'P', '', '', 35),
('0044497140/161707.014', 'IWA HERMAWAN', '', '0000-00-00', '', 'L', '', '', 32),
('0044499478/161707.032', 'SETIAWAN HADI NUGRAHA', '', '0000-00-00', '', 'L', '', '', 32),
('0044510915/161707.052', 'FAJAR PERMANA', '', '0000-00-00', '', 'L', '', '', 35),
('0044511003/161707.001', 'AA DIMAS SURYANA', '', '0000-00-00', '', 'L', '', '', 32),
('0044525566/161707.151', 'TOPAN', '', '0000-00-00', '', 'L', '', '', 37),
('0044550317/161707.025', 'RIFAN EKSAKTA', '', '0000-00-00', '', 'L', '', '', 32),
('0044550322/161707.036', 'VIKRI PAUZAN', '', '0000-00-00', '', 'L', '', '', 32),
('0044550424/161707.027', 'RINDY SILVIAN IREN', '', '0000-00-00', '', 'P', '', '', 32),
('0044573406/161707.013', 'HAIFAN RAHMAT SAPUTRA', '', '0000-00-00', '', 'L', '', '', 32),
('0044573407/161707.046', 'DANDA SAPUTRA', '', '0000-00-00', '', 'L', '', '', 35),
('0044579838/161707.016', 'LUTFI WALID ZAKI', '', '0000-00-00', '', 'L', '', '', 32),
('0044701355/171807.002', 'ALYA AMANDA PUTRI', '', '0000-00-00', '', 'P', '', '', 26),
('0044731574/161707.039', 'ADHITYA RUKMANA', '', '0000-00-00', '', 'L', '', '', 35),
('0044747060/171807.083', 'REVA GENTARA PUTRA', '', '0000-00-00', '', 'L', '', '', 28),
('0044789112/161707.090', 'IBNU NURHALALI PUTRA', '', '0000-00-00', '', 'L', '', '', 36),
('0044849012/171807.175', 'MUHAMMAD FAJRI ASHSHIDIQI', '', '0000-00-00', '', 'L', '', '', 29),
('0045043441/171807.077', 'MITHAHUL IHSAN', '', '0000-00-00', '', 'L', '', '', 28),
('0045068555/171807.134', 'ELSA APRILIANI', '', '0000-00-00', '', 'P', '', '', 30),
('0045203688/171807.056', 'NUR HIKMAT ROHIMAN', '', '0000-00-00', '', 'L', '', '', 27),
('0045280695/171807.084', 'RIKI ANGGARA', '', '0000-00-00', '', 'L', '', '', 28),
('0045283416/171807.188', 'TIA SUJANA', '', '0000-00-00', '', 'P', '', '', 26),
('0045354716/161707.121', 'DENI SETIAWAN', '', '0000-00-00', '', 'L', '', '', 37),
('0045405104/171807.016', 'JAJANG NURJAMAN', '', '0000-00-00', '', 'L', '', '', 26),
('0045538056/161707.078', 'ADI NURJAMAN', '', '0000-00-00', '', 'L', '', '', 36),
('0045612872/171807.064', 'TITIN PUJIYANTI', '', '0000-00-00', '', 'P', '', '', 27),
('0045612882/171807.105', 'ERLANGGA', '', '0000-00-00', '', 'L', '', '', 29),
('0045612885/171807.050', 'KARINA DWI DESTIANTY', '', '0000-00-00', '', 'P', '', '', 27),
('0045614300/171807.009', 'DINA BULAN AGUSTINA', '', '0000-00-00', '', 'P', '', '', 26),
('0045618313/171807.191', 'WIDYA PUSPITA DEWI', '', '0000-00-00', '', 'P', '', '', 30),
('0045651436/171807.120', 'SILNI NURHANDAYANI', '', '0000-00-00', '', 'P', '', '', 29),
('0045693157/171807.007', 'ARYA PURBA ANGGARA', '', '0000-00-00', '', 'L', '', '', 26),
('0045693158/171807.147', 'RAHMAT SUHERMAN', '', '0000-00-00', '', 'L', '', '', 30),
('0045693165/171807.125', 'VINA AFRILIANA NURFADILAH', '', '0000-00-00', '', 'P', '', '', 29),
('0045693303 /171807.098', 'ALDI MAULANA', '', '0000-00-00', '', 'L', '', '', 29),
('0045693319/171807.018', 'LUTHFI TARISA', '', '0000-00-00', '', 'P', '', '', 26),
('0045693323/171807.159', 'YUDI HIDAYAT', '', '0000-00-00', '', 'L', '', '', 30),
('0045693489/171807.168', 'EGA NUGRAHA', '', '0000-00-00', '', 'L', '', '', 29),
('0045693508/171807.113', 'PUTRI WULAN SARI', '', '0000-00-00', '', 'P', '', '', 29),
('0045693773/171807.140', 'MAELANI', '', '0000-00-00', '', 'P', '', '', 30),
('0045693775/171807.108', 'HENDRIK JULIANA', '', '0000-00-00', '', 'L', '', '', 29),
('0045694221/171807.013', 'GILANG ARYAN FIRMANSYAH', '', '0000-00-00', '', 'L', '', '', 26),
('0045694227/171807.036', 'CAHYA SOBARNA', '', '0000-00-00', '', 'L', '', '', 27),
('0045694233/171807.019', 'MELVIN RIVALDY', '', '0000-00-00', '', 'L', '', '', 26),
('0045694234/171807.085', 'RIO SULAEMAN FAHRI', '', '0000-00-00', '', 'L', '', '', 28),
('0045694286/171807.182', 'ROHAN IBRAHIM', '', '0000-00-00', '', 'L', '', '', 29),
('0045694676/171807.041', 'DINAR RIDHO PAMUNGKAS', '', '0000-00-00', '', 'L', '', '', 27),
('0045694707/171807.047', 'FUPUT REFANI OKTA ARGINDA', '', '0000-00-00', '', 'P', '', '', 27),
('0045694709/171807.133', 'ARGA PUTRA PERNANDI', '', '0000-00-00', '', 'L', '', '', 30),
('0045694807/171807.150', 'RIYAN SEPTIYAN', '', '0000-00-00', '', 'L', '', '', 30),
('00456994947/171807.172', 'MARSYA MUTIARA ZEFANIA', '', '0000-00-00', '', 'P', '', '', 27),
('0045798472/161707.149', 'SITI ', '', '0000-00-00', '', 'P', '', '', 37),
('0045828620/171807.040', 'DIDIN WAHYUDIN', '', '0000-00-00', '', 'L', '', '', 27),
('0045907572/171807.034', 'ANGGI PUSPITA DEWI', '', '0000-00-00', '', 'P', '', '', 27),
('0045926218/171807.008', 'ARYA RAHMANSYAH', '', '0000-00-00', '', 'L', '', '', 26),
('0045982293/171807.184', 'SITI NIKA RAHAYU', '', '0000-00-00', '', 'P', '', '', 28),
('0046071403/171807.073', 'DILAN SYERIL MOCH.RUKMANA', '', '0000-00-00', '', 'L', '', '', 28),
('0046108307/171807.119', 'SALMA SALSABILA', '', '0000-00-00', '', 'L', '', '', 29),
('0046380089/161707.135', 'NADIA RISMAWATI', '', '0000-00-00', '', 'P', '', '', 37),
('0046446944/161707.080', 'ANDHIKA WIGUNA', '', '0000-00-00', '', 'L', '', '', 36),
('0046846980/161707.140', 'REKI FIRMANSYAH PUTRA ', '', '0000-00-00', '', 'L', '', '', 37),
('0046960536/171807.015', 'HANNA MENTIE TARIHORAN', '', '0000-00-00', '', 'P', '', '', 26),
('0047059787/171807.042', 'EDI', '', '0000-00-00', '', 'L', '', '', 27),
('0047119547/171807.146', 'PURWATI', '', '0000-00-00', '', 'P', '', '', 30),
('0047281890/161707.051', 'DINA NOVITA ', '', '0000-00-00', '', 'P', '', '', 35),
('0047293974/171807.154', 'SUSANTI', '', '0000-00-00', '', 'P', '', '', 30),
('0047347334/161707.134', 'NADIA APRILIANI', '', '0000-00-00', '', 'P', '', '', 37),
('0047349827/161707.159', 'CANDRA CAHYANA', '', '0000-00-00', '', 'L', '', '', 38),
('0047358393/171807.202', 'YUSUF FIRDAUS', '', '0000-00-00', '', 'L', '', '', 30),
('0047364967 /', 'Sandi Putra', '', '0000-00-00', '', 'L', '', '', 23),
('0047380725/161707.138', 'RANDI ARDIANSYAH', '', '0000-00-00', '', 'L', '', '', 37),
('0047396514/161707.187', 'SEKARWATI', '', '0000-00-00', '', 'P', '', '', 38),
('0047706213/161707.033', 'SIFA ZULFAHNUR', '', '0000-00-00', '', 'P', '', '', 32),
('0047768717/161707.021', 'PEBRI PEBRIANSYAH', '', '0000-00-00', '', 'L', '', '', 32),
('0047987395/171807.103', 'CAHYA MARDIANSYAH', '', '0000-00-00', '', 'L', '', '', 29),
('0048007961/171807.166', 'CEPI SUPRIATNA', '', '0000-00-00', '', 'L', '', '', 29),
('0048226546/161707.086', 'DEVI LESTARI', '', '0000-00-00', '', 'P', '', '', 36),
('0048253579 / 181907.152', 'Andri Afriliansyah', '', '0000-00-00', '', 'L', '', '', 25),
('0048339054/171807.092', 'TIARA NUR HALIMAH', '', '0000-00-00', '', 'P', '', '', 28),
('0048390929/161707.097', 'MUHAMAD NUR WENDI', '', '0000-00-00', '', 'L', '', '', 36),
('0048404862/171807.170', 'ISMA AMELIA NURCAHYA', '', '0000-00-00', '', 'P', '', '', 26),
('0048492173/161707.098', 'MUHAMAD RIZQI ', '', '0000-00-00', '', 'L', '', '', 36),
('0048505604/171807.010', 'EGA WATI', '', '0000-00-00', '', 'P', '', '', 26),
('0048515875/161707.064', 'PINGKAN DELIANI', '', '0000-00-00', '', 'P', '', '', 35),
('0048670633/161707.089', 'HELMI AKBAR', '', '0000-00-00', '', 'L', '', '', 36),
('0048670911/171807.106', 'FERDIANSYAH ADITIA PUTRA', '', '0000-00-00', '', 'L', '', '', 29),
('0048716284/161707.139', 'REKA FIRMANSYAH PUTRA', '', '0000-00-00', '', 'L', '', '', 37),
('0048797728/171807.072', 'DIKA AGUSTIN ', '', '0000-00-00', '', 'L', '', '', 28),
('0048861377/161707.154', 'AGI FIRMAN', '', '0000-00-00', '', 'L', '', '', 38),
('0048992634/161707.165', 'ENDEN ANGGA GINANJAR', '', '0000-00-00', '', 'L', '', '', 38),
('0048995806/171807.051', 'LANI REFELITA', '', '0000-00-00', '', 'P', '', '', 27),
('0049132338/161707.147', 'SANTI APRILIANI', '', '0000-00-00', '', 'P', '', '', 37),
('0049176440/161707.176', 'LUTFI SHAKA HAWARI', '', '0000-00-00', '', 'L', '', '', 38),
('0049193482/171807.104', 'DANI SETIAWAN', '', '0000-00-00', '', 'L', '', '', 29),
('0049223883/161707.150', 'SRI ADINDA', '', '0000-00-00', '', 'P', '', '', 37),
('0049330588/171807.088', 'SELA SUGI SUHARTINI', '', '0000-00-00', '', 'P', '', '', 28),
('0049348508/171807.001', 'AHMAD SIDIK', '', '0000-00-00', '', 'L', '', '', 26),
('0049423232/171807.074', 'GIRAN ANGGARA', '', '0000-00-00', '', 'L', '', '', 28),
('0049555974/161707.131', 'MEITA MARLINDA', '', '0000-00-00', '', 'P', '', '', 37),
('0049622607/171807.027', 'RIZAL MUHAMAD RIZKY', '', '0000-00-00', '', 'L', '', '', 26),
('0049724274/161707.094', 'KURNIA WATI', '', '0000-00-00', '', 'P', '', '', 36),
('0049815080/161707.136', 'NADYA AYUNIRWANA PUTRI PRASDITA', '', '0000-00-00', '', 'P', '', '', 37),
('0049869746/171807.183', 'SAHRUL JULIAN', '', '0000-00-00', '', 'L', '', '', 29),
('0049893768/171807.029', 'SENA JULIANA', '', '0000-00-00', '', 'P', '', '', 26),
('0050595648/161707.058', 'M. RAMDAN A.S', '', '0000-00-00', '', 'L', '', '', 35),
('0050597793/161707.034', 'SYIFA NABILLA SABRINA', '', '0000-00-00', '', 'P', '', '', 32),
('0050597806/161707.184', 'RIFDA MARINI JUWITA', '', '0000-00-00', '', 'P', '', '', 38),
('0051100124/171807.138', 'KIKI RAFLI HAMDANI', '', '0000-00-00', '', 'L', '', '', 30),
('0051211277 / 181907.158', 'Hera Kusherawati', '', '0000-00-00', '', 'P', '', '', 25),
('0051213665 / 181907.135', 'Restu Saputra', '', '0000-00-00', '', 'L', '', '', 24),
('0051237679/171807.095', 'YULI', '', '0000-00-00', '', 'P', '', '', 28),
('0051245758/171807.122', 'STELLA AVNILA OCTA WIJAYA', '', '0000-00-00', '', 'P', '', '', 29),
('0051256395 / 181907.175', 'Rizki Kosasih', '', '0000-00-00', '', 'L', '', '', 25),
('0051329207/171807.045', 'FANI DARMAYANTI', '', '0000-00-00', '', 'P', '', '', 27),
('0051439505 / 181907.078', 'Agil Ramdani', '', '0000-00-00', '', 'L', '', '', 23),
('0051562290 / 181907.066', 'Syahrul Gunawan', '', '0000-00-00', '', 'L', '', '', 22),
('0051667276 / 181907.181', 'Widiyawati', '', '0000-00-00', '', 'P', '', '', 25),
('0051701055/171807.137', 'KIKI ANDIAN', '', '0000-00-00', '', 'L', '', '', 30),
('0051910008 / 181907.150', 'Aldi Sawalludin', '', '0000-00-00', '', 'L', '', '', 25),
('0051918296/171807.087', 'SAGITA DEVIANI PUTRI', '', '0000-00-00', '', 'P', '', '', 28),
('0052009963 / 181907.121', 'Elsa Nurul Zanah', '', '0000-00-00', '', 'P', '', '', 24),
('00520339868/171807.078', 'MOHAMAD RIFKY MAULANA', '', '0000-00-00', '', 'L', '', '', 28),
('0052037705/171807.090', 'SINTA NINGSIH', '', '0000-00-00', '', 'P', '', '', 28),
('0052037920/171807.062', 'SANDI SETIAWAN ', '', '0000-00-00', '', 'L', '', '', 27),
('0052037924/171807.111', 'NEZAR HARISMAN', '', '0000-00-00', '', 'L', '', '', 29),
('0052037929/171807.127', 'YOGA PUTRA G', '', '0000-00-00', '', 'L', '', '', 29),
('0052037930/171807.128', 'YOGI PUTRA G', '', '0000-00-00', '', 'L', '', '', 29),
('0052038506/171807.169', 'GISELLA MAYRA AZZAHRA', '', '0000-00-00', '', 'P', '', '', 27),
('0052038790 / 181907.147', 'Windi Agustina', '', '0000-00-00', '', 'P', '', '', 24),
('0052038987/171807.157', 'WULANDARI TRI ASTUTI', '', '0000-00-00', '', 'P', '', '', 30),
('0052038989/171807.020', 'MOKHAMAD NAUFAL NUR PRATAMA', '', '0000-00-00', '', 'L', '', '', 26),
('0052039731/171807.158', 'YASMIN KHOENNISA', '', '0000-00-00', '', 'P', '', '', 30),
('0052039843/171807.076', 'KENNY MAHARDHIKA DIRGANTARA', '', '0000-00-00', '', 'L', '', '', 28),
('0052039849 / 181907.110', 'Usep Sugandi', '', '0000-00-00', '', 'L', '', '', 23),
('0052101387/171807.025', 'RENATO ILYAS', '', '0000-00-00', '', 'L', '', '', 26),
('0052138392 / 181907.156', 'Fauzan Salman Alfarisy', '', '0000-00-00', '', 'L', '', '', 25),
('0052146025/171807.030', 'SILVA LAILANI SABILA', '', '0000-00-00', '', 'P', '', '', 26),
('0052279977 / 181907.145', 'Tania Belinda Putri', '', '0000-00-00', '', 'P', '', '', 24),
('0052306260 / 181907.124', 'HAURA AZRA FAIZAN', '', '0000-00-00', '', 'P', '', '', 24),
('0052375598/171807.177', 'PRAWIRA DIJAYA', '', '0000-00-00', '', 'L', '', '', 27),
('0052426453/171807.004', 'ANDIKA PEBRIAN', '', '0000-00-00', '', 'L', '', '', 26),
('0052454620/171807.094', 'YOGI HERMAWAN', '', '0000-00-00', '', 'L', '', '', 28),
('0052598656 / 181907.008', 'Eriyanto', '', '0000-00-00', '', 'L', '', '', 21),
('0052906337/171807.033', 'ALDI MULYADI SETIAWAN', '', '0000-00-00', '', 'L', '', '', 27),
('0052916438/171807.143', 'MUHAMAD RISQI YUSTIRA', '', '0000-00-00', '', 'L', '', '', 30),
('0052923562/171807.023', 'PINTAN AULIA', '', '0000-00-00', '', 'P', '', '', 26),
('0052950278 / 181907.024', 'Pina Sopina', '', '0000-00-00', '', 'P', '', '', 21),
('0052979993 / 181907.093', 'Ita Amelia', '', '0000-00-00', '', 'P', '', '', 23),
('0053026098/161707.116', 'ADITYA RAHMAN', '', '0000-00-00', '', 'L', '', '', 37),
('0053075837 / 181907.087', 'Desi Restini', '', '0000-00-00', '', 'P', '', '', 23),
('0053189273 / 181907.182', 'Willy Azmi Ramadhan', '', '0000-00-00', '', 'L', '', '', 25),
('0053290088 / 181907.020', 'Metia Kusniati', '', '0000-00-00', '', 'P', '', '', 21),
('0053393740/171807.155', 'SYFTIANA SRI ARNIS', '', '0000-00-00', '', 'P', '', '', 30),
('0053492737/171807.052', 'LISTIAWATI', '', '0000-00-00', '', 'P', '', '', 27),
('0053544629 / 181907.180', 'Vini Permatasari', '', '0000-00-00', '', 'P', '', '', 25),
('0053562699 / 181907.055', 'Mughits Mumtaz Mubarok', '', '0000-00-00', '', 'L', '', '', 22),
('0053732120 / 181907.176', 'Rudi Ferdiansyah', '', '0000-00-00', '', 'L', '', '', 25),
('0053766233/171807.049', 'IKHSAN MUPARIZAL ARIZIQ', '', '0000-00-00', '', 'L', '', '', 27),
('0053853208 / 181907.061', 'Rafliansyah Ahmad Patoni', '', '0000-00-00', '', 'L', '', '', 22),
('0053869036/171807.117', 'RIDWAN WIGUNA', '', '0000-00-00', '', 'L', '', '', 29),
('0053949151 / 181907.082', 'Aprizal Mutaqin', '', '0000-00-00', '', 'L', '', '', 23),
('0054078713/171807.058', 'REBILA MEI PUTRI', '', '0000-00-00', '', 'P', '', '', 27),
('0054107211 / 181907.104', 'Rina Rahmawati', '', '0000-00-00', '', 'P', '', '', 23),
('0054113020 / 181907.179', 'Pidi Ramdani', '', '0000-00-00', '', 'L', '', '', 25),
('0054214079/171807.110', 'MAMAY MULYANAH', '', '0000-00-00', '', 'P', '', '', 29),
('0054242520 / 181907.157', 'Gilang Muhamad Bentar Iskandar', '', '0000-00-00', '', 'L', '', '', 25),
('0054260024 / 181907.037', 'Windi Sakia', '', '0000-00-00', '', 'P', '', '', 21),
('0054328624/171807.136', 'GALIH SOBIRIN', '', '0000-00-00', '', 'L', '', '', 30),
('0054352662 / 181907.067', 'Sandi Saputra', '', '0000-00-00', '', 'L', '', '', 22),
('0054635174/171807.005', 'ANDINI MAELANI', '', '0000-00-00', '', 'P', '', '', 26),
('0054657812 / 181907.164', 'Muhammad Dzikri Faturohman', '', '0000-00-00', '', 'L', '', '', 25),
('0054664412 / 181907.113', 'Ari Abdul Aziz', '', '0000-00-00', '', 'L', '', '', 24),
('0054745721 / 181907.144', 'Suci Nabila', '', '0000-00-00', '', 'P', '', '', 24),
('0054751409 / 181907.119', 'Desti Amalia', '', '0000-00-00', '', 'P', '', '', 24),
('0054751818/171807.059', 'RESTU FERDIANSYAH', '', '0000-00-00', '', 'L', '', '', 27),
('0054764809 / 181907.070', 'Siti Mulyani', '', '0000-00-00', '', 'P', '', '', 22),
('0054885896/171807.017', 'JAMILAH NUR LAILLA', '', '0000-00-00', '', 'P', '', '', 26),
('0054889818/171807.118', 'RIFKI YANUAR', '', '0000-00-00', '', 'L', '', '', 29),
('0054938856 /171807.156', 'TASYA AGUSTINA', '', '0000-00-00', '', 'P', '', '', 30),
('0054972579 / 181907.013', 'Ikal', '', '0000-00-00', '', 'L', '', '', 21),
('0055065117 / 181907.071', 'Siti Pasya Nuryani', '', '0000-00-00', '', 'P', '', '', 22),
('0055084802 / 181907.005', 'Dede Rama', '', '0000-00-00', '', 'L', '', '', 21),
('0055196810 / 181907.089', 'Devi Lidia Oktaviani', '', '0000-00-00', '', 'P', '', '', 23),
('0055203080 / 181907.027', 'Rifa Anggia Hamidah', '', '0000-00-00', '', 'P', '', '', 21),
('0055482553 / 181907.047', 'DILA ARDIANTI', '', '0000-00-00', '', 'P', '', '', 22),
('0055774622 / 181907.056', 'Muhammad Faizurrosidin', '', '0000-00-00', '', 'L', '', '', 22),
('0055942011/171807.186', 'SRI LESTARI B', '', '0000-00-00', '', 'P', '', '', 29),
('0055956562 / 181907.142', 'Sansan Sandi Yanuar', '', '0000-00-00', '', 'L', '', '', 24),
('0056008260/171807.035', 'ASEP NENDI', '', '0000-00-00', '', 'L', '', '', 27),
('0056078606 / 181907.146', 'Tio Vauzi', '', '0000-00-00', '', 'L', '', '', 24),
('0056086534 /171807.142', 'MOHAMAD  RAMDHAN MAULANA W DOHOLO', '', '0000-00-00', '', 'L', '', '', 30),
('0056281814 / 181907.114', 'Arifin Putra Hutapea', '', '0000-00-00', '', 'L', '', '', 24),
('0056368462 / 181907.016', 'Ilham Ramadan', '', '0000-00-00', '', 'L', '', '', 21),
('0056398179 / 181907.034', 'Sukma Rahayu', '', '0000-00-00', '', 'P', '', '', 21),
('0056431904 / 181907.172', 'Rendi Darmawan', '', '0000-00-00', '', 'L', '', '', 25),
('0056535747 / 181907.133', 'Ratna Cahaya Agung', '', '0000-00-00', '', 'P', '', '', 24),
('0056857141 / 181907.065', 'Rifal Erlangga', '', '0000-00-00', '', 'L', '', '', 22),
('0056862921/171807.046', 'FAUZA PUTRI RAHAYU', '', '0000-00-00', '', 'P', '', '', 27),
('0056942050 / 181907.028', 'Rifan Andriansyah', '', '0000-00-00', '', 'L', '', '', 21),
('0057197110 / 181907.109', 'Suherman', '', '0000-00-00', '', 'L', '', '', 23),
('0057230414/171807.174', 'MOCHAMAD FATAH ALIF AKBARI', '', '0000-00-00', '', 'L', '', '', 28),
('0057273925/171807.031', 'SURYA ADYLAGA', '', '0000-00-00', '', 'L', '', '', 26),
('0057281170 / 181907.130', 'Puri Kurnia', '', '0000-00-00', '', 'P', '', '', 24),
('0057328532/171807.070', 'CAHYANI INDIANI', '', '0000-00-00', '', 'P', '', '', 28),
('0057444732/171807.164', 'ASTRI AMALIA', '', '0000-00-00', '', 'P', '', '', 27),
('0057450545 / 181907.023', 'Pahmi Sopari', '', '0000-00-00', '', 'L', '', '', 21),
('0057509642/171807.163', 'ANGGA SUGANDA PUTRA', '', '0000-00-00', '', 'L', '', '', 28),
('0057564315 / 181907.143', 'Sendi Pratama', '', '0000-00-00', '', 'L', '', '', 24),
('0057586690/171807.048', 'HELMIA ADINA', '', '0000-00-00', '', 'P', '', '', 27),
('0057636385 / 181907.149', 'Akmal Yuliansyah', '', '0000-00-00', '', 'L', '', '', 25),
('0057661022 / 181907.103', 'Rima Mutiara Oktaviani', '', '0000-00-00', '', 'P', '', '', 23),
('0057711460 / 181907.080', 'Andri Ferdiansyah', '', '0000-00-00', '', 'L', '', '', 23),
('0057744377 / 181907.050', 'Intan Puspita Dewi', '', '0000-00-00', '', 'P', '', '', 22),
('0057756268 / 181907.095', 'Karisa Ramadhani', '', '0000-00-00', '', 'P', '', '', 23),
('0057760453 / 181907.060', 'Nicky Maharani', '', '0000-00-00', '', 'P', '', '', 22),
('0057812393 / 181907.112', 'Akmal Pratama', '', '0000-00-00', '', 'L', '', '', 24),
('0057815364 / 181907.035', 'Taufik Hidayat', '', '0000-00-00', '', 'L', '', '', 21),
('0057874616 / 181907.100', 'RAHPLI MUHAMMAD ADHARI', '', '0000-00-00', '', 'L', '', '', 23),
('0057914016 / 181907.127', 'Muhammad Fachriza', '', '0000-00-00', '', 'L', '', '', 24),
('0057945445 / 181907.029', 'Rizki Muhamad Nasir', '', '0000-00-00', '', 'L', '', '', 21),
('0057968246 / 181907.151', 'ALVI SAHRI SOBARI', '', '0000-00-00', '', 'P', '', '', 25),
('0057994580/171807.102', 'BILLAL MUHAMMAD APRIZAL', '', '0000-00-00', '', 'L', '', '', 29),
('0058021531/171807.148', 'RISMA FEBRIANTI', '', '0000-00-00', '', 'P', '', '', 30),
('0058207060/171807.151', 'RIZAL FAUZAN', '', '0000-00-00', '', 'L', '', '', 30),
('0058207796 / 181907.052', 'Kalina Nur Holipah', '', '0000-00-00', '', 'P', '', '', 22),
('0058218566 / 181907.038', 'Zacky Laghawi', '', '0000-00-00', '', 'L', '', '', 21),
('0058262638/171807.071', 'DIAN MUHAMAD RAMDHAN', '', '0000-00-00', '', 'L', '', '', 28),
('0058440326 / 181907.021', 'MUKHAMAD KHASBI', '', '0000-00-00', '', 'L', '', '', 21),
('0058467173/171807.173', 'MELANI ROSMAYANTI', '', '0000-00-00', '', 'P', '', '', 26),
('0058631922/171807.053', 'MOCHAMAD IQBAL SURYA NAGARA', '', '0000-00-00', '', 'L', '', '', 27),
('0058699666 / 181907.040', 'Ade Aprijal', '', '0000-00-00', '', 'L', '', '', 22),
('0058699919/171807.075', 'KARISTIANI EKA JULIANTI', '', '0000-00-00', '', 'P', '', '', 28),
('0058720932/171807.171', 'KAILA ZAHRANI', '', '0000-00-00', '', 'P', '', '', 27),
('0058801787/171807.160', 'ADITIA MUHAMAD QODIR', '', '0000-00-00', '', 'L', '', '', 29),
('0059059142 / 181907.096', 'M. Fajar Ramadhan', '', '0000-00-00', '', 'L', '', '', 23),
('0059071972 /171807.145', 'NUR MAYA SOLEHAH', '', '0000-00-00', '', 'P', '', '', 30),
('0059246819/171807.116', 'RISANTIE NOVIANTIE', '', '0000-00-00', '', 'P', '', '', 29),
('0059302820/171807.167', 'DESSY TANTRY WAHYUNI', '', '0000-00-00', '', 'P', '', '', 26),
('0059363278 / 181907.101', 'RANI NURAENI', '', '0000-00-00', '', 'P', '', '', 23),
('0059382578/171807.011', 'ENENG ANDINI', '', '0000-00-00', '', 'P', '', '', 26),
('0059477081 / 181907.022', 'Nova Nurillah', '', '0000-00-00', '', 'P', '', '', 21),
('0059576243/171807.024', 'REFFA ALISYA ZAHRA', '', '0000-00-00', '', 'P', '', '', 26),
('0059585114 / 181907.153', 'Azrul Azwar', '', '0000-00-00', '', 'L', '', '', 25),
('0059643703 / 181907.106', 'Sandi Nuryaman', '', '0000-00-00', '', 'L', '', '', 21),
('0059667165 / 181907.091', 'Ike Kartika Sari', '', '0000-00-00', '', 'P', '', '', 23),
('0059708276/171807.039', 'DIANA S. R', '', '0000-00-00', '', 'P', '', '', 27),
('0059754531 / 181907.098', 'Muhamad Syamsul Arifin', '', '0000-00-00', '', 'L', '', '', 23),
('0059799571/171807.185', 'SRI LESTARI A', '', '0000-00-00', '', 'P', '', '', 28),
('0059820869/171807.190', 'VEBRIAN HIDAYAT', '', '0000-00-00', '', 'L', '', '', 30),
('0059896652/171807.086', 'RIZKY RAISYAH SOFYAN', '', '0000-00-00', '', 'L', '', '', 28),
('0059930008/171807.012', 'FITRI SONDARI SOFYANI', '', '0000-00-00', '', 'P', '', '', 26),
('0061005323 / 181907.014', 'Ilham Aman Saputra', '', '0000-00-00', '', 'L', '', '', 21),
('0061006096/171807.161', 'AKMAL YUSRIL FANI', '', '0000-00-00', '', 'L', '', '', 27),
('0061206690 / 181907.118', 'Citra Febrianti', '', '0000-00-00', '', 'P', '', '', 24),
('0061223664 / 181907.084', 'Candra Wijaya', '', '0000-00-00', '', 'L', '', '', 23),
('0061299566/171807.067', 'AMBARINA HAIRA AZLIEFAH', '', '0000-00-00', '', 'P', '', '', 28),
('0061381899 / 181907.041', 'Neng Alia Zahwa Kusmayanti', '', '0000-00-00', '', 'P', '', '', 22),
('0061457286 / 181907.025', 'Ratna Sari Septiani', '', '0000-00-00', '', 'P', '', '', 21),
('0061582615 / 181907.108', 'Sopian Hadi', '', '0000-00-00', '', 'L', '', '', 23),
('0061586088 / 181907.122', 'Firdan Muhamad H', '', '0000-00-00', '', 'L', '', '', 24),
('0061602640 / 181907.032', 'Septia Karina', '', '0000-00-00', '', 'P', '', '', 21),
('0061752327 / 181907.009', 'Erin Naziha Khoirunnisa', '', '0000-00-00', '', 'P', '', '', 21),
('0061909427 / 181907.169', 'Preida Amelia Herma Putri', '', '0000-00-00', '', 'P', '', '', 25),
('0061948165 / 181907.094', 'Jihan Putri Halda', '', '0000-00-00', '', 'P', '', '', 23),
('0062086232 / 181907.105', 'Ripki Tazki Maulana', '', '0000-00-00', '', 'L', '', '', 23),
('0062344464 / 181907.063', 'Rangga Rizki Padilah', '', '0000-00-00', '', 'L', '', '', 22),
('0062361402 / 181907.049', 'Hangesa Setiawan', '', '0000-00-00', '', 'L', '', '', 22),
('0062385422 / 181907.072', 'Siti Zaqia', '', '0000-00-00', '', 'P', '', '', 22),
('0062396584 / 181907.062', 'Raka Wildani', '', '0000-00-00', '', 'L', '', '', 22),
('0062478529 / 181907.006', 'Dimas Andrean', '', '0000-00-00', '', 'L', '', '', 21),
('0062583275 / 181907.004', 'Citra Julianti', '', '0000-00-00', '', 'P', '', '', 21),
('0062755955 / 181907.174', 'Rizqi Oktavian Ramadhan', '', '0000-00-00', '', 'L', '', '', 25),
('0062892900 / 181907.045', 'Arif Wijaksana', '', '0000-00-00', '', 'L', '', '', 22),
('0062932097 / 181907.183', 'Yani Lestari', '', '0000-00-00', '', 'P', '', '', 25),
('0063023918 / 181907.031', 'Sani Pebrianti', '', '0000-00-00', '', 'P', '', '', 21),
('0063051440 / 181907.002', 'Ayu Suci Lestari', '', '0000-00-00', '', 'P', '', '', 21),
('0063219853 / 181907.159', 'M. Ilham Hardiansyah', '', '0000-00-00', '', 'L', '', '', 25),
('0063238094 / 181907.140', 'Salwa Zanata', '', '0000-00-00', '', 'P', '', '', 24),
('0063384324 / 181907.069', 'Sendi Pratama', '', '0000-00-00', '', 'L', '', '', 22),
('0063497555 / 181907.075', 'Taopik Ruhiyat Karso', '', '0000-00-00', '', 'L', '', '', 22),
('0063844898 / 181907.115', 'Arya Moch Pamungkas', '', '0000-00-00', '', 'L', '', '', 24),
('0063855085 / 181907.018', 'M. Fadil Maulana', '', '0000-00-00', '', 'L', '', '', 21),
('0064101804 / 181907.154', 'Denni Muhamad Rizky', '', '0000-00-00', '', 'L', '', '', 25),
('0064289975/171807.014', 'HANDIKA AHMAD SETIAWAN', '', '0000-00-00', '', 'L', '', '', 26),
('0064618183 / 181907.088', 'Desta Anhar Firdaus', '', '0000-00-00', '', 'L', '', '', 23),
('0064713360 / 181907.085', 'Delinda Kayana Putri', '', '0000-00-00', '', 'P', '', '', 23),
('0064811187 / 181907.012', 'Gilang Rangga Ramadan', '', '0000-00-00', '', 'L', '', '', 21),
('0064857268 / 181907.064', 'Restu Singgih Tranggono', '', '0000-00-00', '', 'L', '', '', 22),
('0064878403 / 181907.163', 'Muhammad Alwi', '', '0000-00-00', '', 'L', '', '', 25),
('0065195592 / 181907.074', 'SYALWA DIKANIA FASYA', '', '0000-00-00', '', 'P', '', '', 22),
('0065354835 / 181907.051', 'Isma P Tampubolon', '', '0000-00-00', '', 'P', '', '', 22),
('0065436390 / 181907.036', 'Trico Andhika Nur Ramadhan', '', '0000-00-00', '', 'L', '', '', 21),
('0065626451 / 181907.079', 'Ami Nuraeni', '', '0000-00-00', '', 'P', '', '', 23),
('0065650315 / 181907.120', 'Dias Pratama Suhandi', '', '0000-00-00', '', 'L', '', '', 24),
('0065763402 / 181907.073', 'Sulistia Patimah', '', '0000-00-00', '', 'P', '', '', 22),
('0065893038 / 181907.007', 'Dini Permatasari', '', '0000-00-00', '', 'P', '', '', 21),
('0066145559 / 181907.003', 'Canda Rafana Aprilia', '', '0000-00-00', '', 'L', '', '', 21),
('0066221534 / 181907.058', 'Moch Rio Fauzan Wijaya', '', '0000-00-00', '', 'L', '', '', 22),
('0066368328 / 181907.116', 'Aziz Wahyudiana Saputra', '', '0000-00-00', '', 'L', '', '', 24),
('0066444267 / 181907.148', 'ADELLIANA BERLIANI', '', '0000-00-00', '', 'P', '', '', 25),
('0066459207 / 181907.126', 'Moch. Raksa', '', '0000-00-00', '', 'L', '', '', 24),
('0066514305 / 181907.168', 'Pasha Al Ramdhan', '', '0000-00-00', '', 'L', '', '', 25),
('0066562906 / 181907.019', 'Mendy Esa Agustina', '', '0000-00-00', '', 'P', '', '', 21),
('0066777225 / 181907.053', 'Meysa Sri Ananda', '', '0000-00-00', '', 'P', '', '', 22),
('0067156972 / 181907.097', 'Misk Dhiya Shipa Haura Zulmi', '', '0000-00-00', '', 'P', '', '', 23),
('0067174828 / 181907.057', 'Muhamad Gusti Ramdani', '', '0000-00-00', '', 'L', '', '', 22),
('0067196373 / 181907.048', 'HANDIKA FUTRA YANSAH', '', '0000-00-00', '', 'L', '', '', 22),
('0067299876 / 181907.099', 'Nazwa Dita Arimbi', '', '0000-00-00', '', 'P', '', '', 23),
('0067321845 / 181907.083', 'Ari Rizki Wardiansyah', '', '0000-00-00', '', 'L', '', '', 23),
('0067347731 / 181907.161', 'M. Wisnu Wardani', '', '0000-00-00', '', 'L', '', '', 25),
('0067530154 / 181907.165', 'Muhammad Teguh Utama', '', '0000-00-00', '', 'L', '', '', 25),
('0067574189 / 181907.137', 'Rizki Anwar Nurrohim', '', '0000-00-00', '', 'L', '', '', 24),
('0067677045 / 181907.141', 'Sasa Shaparlinda', '', '0000-00-00', '', 'P', '', '', 24),
('0068257853 / 181907.132', 'Rangga Andani', '', '0000-00-00', '', 'L', '', '', 24),
('0068542887 / 181907.068', 'Sandi Septian', '', '0000-00-00', '', 'L', '', '', 22),
('0068650372 / 181907.044', 'Anita Verly Ayri', '', '0000-00-00', '', 'P', '', '', 22),
('0068651939 / 181907.046', 'Denisya', '', '0000-00-00', '', 'P', '', '', 22),
('0068783766 / 181907.166', 'Natasya Amanda Prasdita', '', '0000-00-00', '', 'P', '', '', 25),
('0068883494 / 181907.129', 'NAZWA S. HAMIDAHNASUNAH', '', '0000-00-00', '', 'P', '', '', 24),
('0068968046 / 181907.042', 'Alif Fauzui Wahab', '', '0000-00-00', '', 'L', '', '', 22),
('0069225921 / 181907.076', 'Windi Aulia', '', '0000-00-00', '', 'P', '', '', 22),
('0069240025 / 181907.138', 'Salwa Artamevia', '', '0000-00-00', '', 'P', '', '', 24),
('0069257559 / 181907.171', 'Raisa Regina', '', '0000-00-00', '', 'P', '', '', 25),
('0069272666/171807.165', 'BUNGA HAENUN NISA', '', '0000-00-00', '', 'P', '', '', 26),
('0069343058 / 181907.011', 'Ferga Restu Khaila Utami', '', '0000-00-00', '', 'P', '', '', 21),
('0069400319 / 181907.170', 'Puspa Puspita', '', '0000-00-00', '', 'P', '', '', 25),
('0069482534 / 181907.177', 'Sansa Nuranisa', '', '0000-00-00', '', 'P', '', '', 25),
('0069511793 / 181907.010', 'Erfan Pratama', '', '0000-00-00', '', 'L', '', '', 21),
('0069550980 / 181907.128', 'Muhammad Rifaldi Rizki Firmansyah', '', '0000-00-00', '', 'L', '', '', 24),
('0069590800 / 181907.162', 'Muhammad Abdul Rais', '', '0000-00-00', '', 'L', '', '', 25),
('0069766471 / 181907.125', 'Meisya Mustika Sari', '', '0000-00-00', '', 'P', '', '', 24),
('0069787257 / 181907.139', 'Salwa Firmansyah', '', '0000-00-00', '', 'P', '', '', 24),
('0069813336 / 181907.017', 'Irfan Firmansyah', '', '0000-00-00', '', 'L', '', '', 21),
('0070359101/161707.133', 'MUHAMAD AKBAR SIDIK', '', '0000-00-00', '', 'L', '', '', 37),
('0072017530 / 181907.081', 'APRILYANDI FATAH', '', '0000-00-00', '', 'L', '', '', 23),
('0072852705 / 181907.001', 'Alvin Nadiva', '', '0000-00-00', '', 'L', '', '', 21),
('0073038264 / 181907.136', 'RIAN SOPIAN HIDAYATULLOH', '', '0000-00-00', '', 'L', '', '', 24),
('0074678170 / 181907.160', 'Imanuel Sinaga', '', '0000-00-00', '', 'L', '', '', 25),
('0078969246 / 181907.167', 'Nazwa Febiola', '', '0000-00-00', '', 'P', '', '', 25),
('empty0/ ', 'RIFKI TAOPIK MAULANA', '', '0000-00-00', '', 'L', '', '', 21),
('empty1                / ', 'MUHAMAD AZIS', '', '0000-00-00', '', 'L', '', '', 22),
('empty2 /', 'CINDI AMELIA AGUSTINA', '', '0000-00-00', '', 'P', '', '', 27),
('empty3 /', 'APRIJAL', '', '0000-00-00', '', 'L', '', '', 28);

--
-- Indexes for dumped tables
--

--
-- Indexes for table `admin`
--
ALTER TABLE `admin`
  ADD PRIMARY KEY (`id`);

--
-- Indexes for table `guru`
--
ALTER TABLE `guru`
  ADD PRIMARY KEY (`nip`);

--
-- Indexes for table `kelas`
--
ALTER TABLE `kelas`
  ADD PRIMARY KEY (`id_kelas`);

--
-- Indexes for table `ruang`
--
ALTER TABLE `ruang`
  ADD PRIMARY KEY (`id_ruang`),
  ADD KEY `id_kelas` (`id_kelas`);

--
-- Indexes for table `siswa`
--
ALTER TABLE `siswa`
  ADD PRIMARY KEY (`nisn`);

--
-- AUTO_INCREMENT for dumped tables
--

--
-- AUTO_INCREMENT for table `admin`
--
ALTER TABLE `admin`
  MODIFY `id` int(11) NOT NULL AUTO_INCREMENT, AUTO_INCREMENT=4;

--
-- AUTO_INCREMENT for table `kelas`
--
ALTER TABLE `kelas`
  MODIFY `id_kelas` int(11) NOT NULL AUTO_INCREMENT, AUTO_INCREMENT=23;

--
-- AUTO_INCREMENT for table `ruang`
--
ALTER TABLE `ruang`
  MODIFY `id_ruang` int(11) NOT NULL AUTO_INCREMENT, AUTO_INCREMENT=39;
COMMIT;

/*!40101 SET CHARACTER_SET_CLIENT=@OLD_CHARACTER_SET_CLIENT */;
/*!40101 SET CHARACTER_SET_RESULTS=@OLD_CHARACTER_SET_RESULTS */;
/*!40101 SET COLLATION_CONNECTION=@OLD_COLLATION_CONNECTION */;
